VideoTitle,ChannelTitle,PublishDate,Views,Likes,Comments
éª—äººæœ€ç»ˆå®³äººå®³å·±ï¼#æ–—ç½—å¤§é™† #å”èˆæ¡ä¸å”è€å…­ #å°èˆ #å”èˆæ¡ #å”ä¸‰ #å”è€å…­,å”èˆæ¡ä¸å”è€å…­,2024-06-13 06:04:59,61639461,799618,456
respect ğŸ˜±ğŸ”¥ğŸ¤¯,Fort Pin Reaction ,2024-06-16 13:50:09,50953455,0,320
Ramu kaka v/s mem sahab Ep:- 44 mumbai me barish hui to dubai mangwa liya !,Meri Muskan,2024-06-13 09:36:26,44351489,1780809,1070
Smart practice ğŸ”¥ğŸ˜‚ğŸ #trending #cricket #bobby_4uhh #cricketlover #viral #ytshort #shortsviral,Bobby_4uhh,2024-06-11 04:08:09,26391704,676489,1861
GRIPPER TRANSFORMATION ğŸ’ª #shorts,FAV ARMY,2024-06-16 13:31:56,26228253,1343511,1460
Kya Adam Ye Challenge Jeet Payega? ğŸ˜² Ramp - 117 #shorts #gta #freefire,Verified Insaan,2024-06-20 00:50:00,20267819,1280140,4565
boys attitude,Priya Biswas,2024-06-15 04:51:29,17962211,460699,482
dushman ka beta jaal mein fas Gaya#viralvideo #islamicvideo #USA#short status,Islamic Base,2024-06-19 00:30:26,14666765,376908,224
Radmiru noob or pro? ğŸ¤” #shorts,radmiru,2024-06-16 13:47:16,13522131,270698,323
à¤¬à¤¾à¤ª à¤•à¥‹ à¤‰à¤²à¥à¤²à¥‚ à¤¬à¤¨à¤¾à¤•à¥‡ à¤¬à¤¨à¥€ IAS ğŸ˜±ğŸ¤¯ #nitin #shortvideos #viral #shorts,Mio Facts ,2024-06-10 08:00:09,13093220,702563,164
Trying out some new weapons,cocobrED,2024-06-16 18:34:17,12960036,732260,2550
Officer Rabbit saved the angel and was hated.#Short #Officer Rabbit #angel,å…”å­è­¦å®˜,2024-06-15 07:00:22,12161765,361275,438
Nice pan!! Want some steak @ChefRush ?? ğŸ¥©,The Greatest Entertainer,2024-06-07 16:24:50,11979646,222070,100
HEIGHT KICK CHALLENGE ğŸ“ğŸ™ˆ,Celine Dept,2024-06-20 15:30:09,11654079,662601,657
Never judge the book by its cover ğŸ˜”âœ‹ #sofimanassyan #funny #relatable #workout #run #running,Sofi Manassyan,2024-06-21 01:54:23,11114088,673418,2570
à¤‡à¤¸à¤•à¥‡ à¤¸à¤¾à¤¥ à¤…à¤šà¥à¤›à¤¾ à¤¹à¥à¤†ğŸ˜’~ #shorts,FACTO SUMIT,2024-06-17 00:30:01,11190023,0,51
Mud Unsolved Mystery ğŸ¥¶ğŸ¤¯ #shorts,Revealed Rahasya,2024-06-18 14:30:13,10392846,0,32
Devil HATES Jesus and bacons ğŸ¥ºğŸ™,Payleey,2024-06-06 20:42:52,10405217,687070,16232
à¤¸à¤ªà¤¨à¥‹à¤‚ à¤•à¥€ à¤°à¤¾à¤¨à¥€ ğŸ˜ ~ Sapno Ki Rani | Chinese Hindi Drama | #shorts,Chinese Junction ,2024-06-18 15:44:17,10041868,0,461
He confused the taxi driver with his son-in-lawâ€¦ğŸ¤£ğŸ™„#movie #series,MovieTime,2024-06-18 19:45:58,9714835,680124,1336
This man discovered a two headed snake and raised it ğŸ¥ºâ¤ï¸ #shorts,Hublot Baggins,2024-06-08 11:00:12,9024734,482157,2049
World's most expensive mini off-road vehicles ğŸï¸ #shorts #bike #offroad #youtubeshorts #viral,Ayu K SUPPORT ,2024-06-17 06:58:00,8334077,0,26731
Where is bro going ğŸ¤”ğŸ—¿ | #trollface,Troll Edits ,2024-06-17 09:02:54,8345840,485079,6455
Rc football car power test,Unic Experiment,2024-06-13 13:17:37,8175201,261812,1427
Balloon Stepping Challenge: Herobrine And Friends VS MellStroy,Mazizien,2024-06-17 15:00:47,8071047,835293,150
ğŸ¥° Satisfying with street food ğŸ¥³ #streetfood #satisfying #satisfyingvideo,UX T ,2024-06-19 11:37:54,9987558,184133,359
Mobile Is Injurious to HealthğŸ¥¶ Wait for the End ğŸ¤©ğŸ¤£ #shorts #trending #short,THE EPIC COUPLE OFFICIAL,2024-06-14 14:30:07,8019694,224215,147
Polishing process of bending pipe- Good tools and machinery make work easy,Crafts people,2024-06-22 11:56:05,7525593,33278,47
ĞĞ½Ğ¸ Ğ½Ğµ Ğ¾Ğ¶Ğ¸Ğ´Ğ°Ğ»Ğ¸ Ñ‚Ğ°ĞºĞ¾Ğ¹ ÑÑÑ€Ğ¿Ñ€Ğ¸Ğ· Ğ¾Ñ‚ ÑÑ‹Ğ½Ğ° Ğ½Ğ° Ğ´ĞµĞ½ÑŒ Ñ€Ğ¾Ğ¶Ğ´ĞµĞ½Ğ¸Ñ!,Ğ˜Ğ½Ñ‚ĞµÑ€ĞµÑĞ½Ñ‹Ğµ Ñ„Ğ°ĞºÑ‚Ñ‹,2024-06-14 13:00:42,7414703,340932,473
ğŸ’¥don't underestimate the attitude boys ğŸ’¯ boys killer attitude status ||ğŸ˜boys attitude #shorts #viral,ğ—¦ğ— ğ—  ğ—¦ğ—§ğ—”ğ—§ğ—¨ğ—¦,2024-06-22 02:31:00,6903423,0,75
CÆ°á»›p quÃªn xem ngÃ y #beneagle #training #kungfu #martialarts #fighting #shaolin  #wushu #taekwondo,BEN EAGLE,2024-06-19 05:00:30,6601784,130786,391
"Angel Came To Take The Soul, But Got Trapped Herself #koreandrama #movieexplained",cinema explainer ,2024-06-08 08:45:00,6349621,245647,156
GAK PUNYA TEMAN BERMAIN #home #funny #ngeshortsdulu,Nandi Rukman,2024-06-13 14:26:29,5855236,870488,4779
à¤—à¥à¤°à¥‡à¤Ÿ à¤–à¤²à¥€ à¤—à¥à¤°à¥ à¤œà¥€ à¤•à¥‹ à¤¨à¤¾à¤°à¤¿à¤¯à¤² à¤ªà¤¾à¤¨à¥€ à¤ªà¤¿à¤²à¤¾à¤¯à¤¾ à¤§à¤°à¥à¤®à¥‡à¤¨à¥à¤¦à¥à¤° à¤°à¤¾à¤œà¤­à¤° #india #sorts #khali #khalidbasalamah,ğŸ‡®ğŸ‡³DHARMENDRA RAJBHAR 1,2024-06-22 06:07:18,5521968,150185,379
Cute cats and rhino steals my kinderjoy #catlover #cutecat #catvideos #trendingshorts,Lovie Jennaira,2024-06-22 12:39:41,5641560,56289,14
Ğ”ĞµĞ²ÑƒÑˆĞºĞ° Ğ“Ğ•ĞĞ˜Ğ™ğŸ’…ğŸ»,Ğ‘ÑƒÑ‚Ñ‹Ğ»Ğ¾Ñ‡ĞºĞ°,2024-06-17 14:23:44,5663393,168101,408
Trenchless Pipe Layer ï¸ğŸ”ŒğŸ€,Wiley Scoops,2024-06-15 06:15:02,5368532,60872,534
What happened to my phone? ğŸ˜±,Mark and his family,2024-06-18 13:04:24,5162549,56393,80
Aaj ye kya krdia ğŸ˜±ğŸ’”ğŸ˜­ #shorts #trending #comedy #funny #viral,Kaamini Shorts,2024-06-21 14:23:28,5069447,142480,216
ğŸ˜¨ ĞĞ²Ñ‚Ğ¾ÑƒĞ³Ğ¾Ğ½Ñ‰Ğ¸Ğº Ğ½Ğµ Ğ¾Ğ¶Ğ¸Ğ´Ğ°Ğ» Ñ‚Ğ°ĞºĞ¾Ğ³Ğ¾ Ğ¾Ñ‚ Ñ…Ğ¾Ğ·ÑĞ¹ĞºĞ¸ Ğ¼Ğ°ÑˆĞ¸Ğ½Ñ‹! | ĞĞ¾Ğ²Ğ¾ÑÑ‚Ğ½Ğ¸Ñ‡Ğ¾Ğº,ĞĞĞ’ĞĞ¡Ğ¢ĞĞ˜Ğ§ĞĞš,2024-06-22 14:45:00,4760804,173536,1170
à¤†à¤‡à¤¸à¤•à¥à¤°à¥€à¤® à¤•à¥€ à¤®à¥‡à¤—à¤¾ à¤«à¥ˆà¤•à¥à¤Ÿà¥à¤°à¥€ #theamazingbharat #food #icecream,The Amazing Bharat,2024-06-21 16:11:32,5246082,243517,374
When your husband was in charge of putting the kids to bed ğŸ˜«ğŸ¤£ #parentcomedy #comedy #parentlife,Messing With The Martins,2024-06-19 20:40:06,4545669,302537,4473
Best M Cut & Joint for Square Tube #Cutting #innovation #best,Mr Technic,2024-06-20 13:00:13,4284448,39157,167
1 Vs 4 Clutch ğŸ˜±Wait For EndğŸ¯#shortsfeed #tgrnrz #tondegamer #freefire #hacker #hacks #bbb999 #shorts,BAD BOY BHAI,2024-06-20 00:29:00,4173054,128382,881
#shortviral #trucosparacelular #viral #kawai #iphoneios #historia,Andrey Tv,2024-06-18 22:51:41,4142984,151961,485
Rhyming for ADULTS! ğŸ¥³,Winchumbo,2024-06-14 02:00:09,4099191,100324,12302
à¤®à¤¾à¤â¤ï¸à¤®à¥‡à¤°à¥€ à¤¦à¥à¤¨à¤¿à¤¯à¤¾ à¤¹à¥ˆ âœ… #fitnessmotivation #biharitarzan #desifitnness #viral,Raja Yadav,2024-06-22 10:28:52,4229670,81260,198
ĞÑ„Ğ¸Ñ†Ğ¸Ğ°Ğ½Ñ‚ĞºĞ° Ğ¿Ğ¾Ğ¼Ğ¾Ğ³Ğ»Ğ° Ğ¼Ğ°Ğ»ÑŒÑ‡Ğ¸ĞºÑƒ Ğ±ĞµĞ· Ğ¼Ğ°Ğ¼Ñ‹ ğŸ¥º #Ñ„Ğ¸Ğ»ÑŒĞ¼Ñ‹ #ÑĞµÑ€Ğ¸Ğ°Ğ»,DixyFilms - Ğ¤Ğ¸Ğ»ÑŒĞ¼Ñ‹ Ğ¸ ÑĞµÑ€Ğ¸Ğ°Ğ»Ñ‹,2024-06-20 13:11:30,3756285,235809,330
ğŸš | âœˆï¸ | ğŸ›³ï¸ | ğŸš¤ | ğŸš² | ğŸï¸ | ğŸ›´ Ğ¿Ğ¾-Ğ°Ğ½Ğ³Ğ»Ğ¸Ğ¹ÑĞºĞ¸ #Ğ²ĞµÑĞµĞ»Ñ‹Ğ¹Ğ°Ğ½Ğ³Ğ»Ğ¸Ğ¹ÑĞºĞ¸Ğ¹,Ğ’ĞµÑÑ‘Ğ»Ñ‹Ğ¹ ĞĞ½Ğ³Ğ»Ğ¸Ğ¹ÑĞºĞ¸Ğ¹,2024-06-19 07:45:00,3620338,193403,1146
"Divorce hi le leti, Chudail ğŸ¤ #India #youtubeindia",thecurlypoet,2024-06-17 18:28:49,3635355,197528,2020
